input,output
"What is CPU usage?","CPU usage represents the percentage of CPU resources used by a process or system."
"How does high CPU usage affect performance?","High CPU usage can cause slow response times and decreased system performance."
"What happens when memory usage increases?","Excessive memory usage can lead to swapping, slowing down the system."
"Describe the impact of low memory availability.","Low memory availability can cause applications to slow down or crash."
"What causes high CPU usage?","High CPU usage can be caused by resource-intensive processes or poorly optimized software."
"How does CPU usage affect system responsiveness?","High CPU usage can cause sluggish system responsiveness and delayed task execution."
"What are the consequences of excessive memory consumption?","Excessive memory consumption can lead to memory exhaustion, causing system instability."
"How does memory usage impact application performance?","High memory usage can cause applications to slow down, freeze, or terminate unexpectedly."
"What is disk I/O?","Disk I/O refers to the input/output operations on a storage device."
"How does disk I/O affect system performance?","High disk I/O can slow down system performance by creating bottlenecks."
"What is a process in computing?","A process is an instance of a program that is being executed."
"What is a thread?","A thread is the smallest unit of a process that can be scheduled for execution."
"What is the difference between a process and a thread?","A process is an independent program while a thread is a segment of a process."
"How does network latency impact performance?","High network latency can cause delays in data transmission and slow down application performance."
"What is virtual memory?","Virtual memory is a memory management technique that provides an application with more memory than physically available."
"Why is cache memory important?","Cache memory improves performance by storing frequently accessed data for quick retrieval."
"What is a context switch?","A context switch is the process of storing and restoring the state of a CPU so that multiple processes can share a single CPU."
"How does a context switch affect performance?","Frequent context switches can degrade performance due to overhead."
"What is a memory leak?","A memory leak occurs when a program does not release memory that is no longer needed."
"How can memory leaks be prevented?","Memory leaks can be prevented by properly managing memory allocation and deallocation."
"What is a CPU core?","A CPU core is a single processing unit within a CPU that can execute instructions independently."
"How does multi-threading improve performance?","Multi-threading improves performance by allowing multiple threads to run concurrently, making better use of CPU resources."
"What is system load?","System load is a measure of the amount of computational work that a computer system is performing."
"Why is RAM important for system performance?","RAM is important because it stores data that is actively being used, allowing for quick access and efficient processing."
"What is a deadlock?","A deadlock is a situation where two or more processes are unable to proceed because each is waiting for the other to release resources."
"How can deadlocks be avoided?","Deadlocks can be avoided by ensuring that resource allocation is managed carefully and by using techniques like resource ordering."
"What is a swap file?","A swap file is a space on a hard drive used as virtual memory when the physical RAM is full."
"What is CPU throttling?","CPU throttling is the process of reducing the clock speed of a CPU to decrease heat generation and save power."
"What is the impact of a slow hard drive on system performance?","A slow hard drive can significantly reduce system performance by causing delays in data retrieval and storage operations."
"How does garbage collection work in programming?","Garbage collection is an automatic memory management process that frees up memory occupied by objects that are no longer in use."
"What is a cache hit?","A cache hit occurs when the data requested for processing by a component or application is found in the cache memory."
"What is a cache miss?","A cache miss occurs when the data requested for processing by a component or application is not found in the cache memory and must be fetched from another memory layer."
"How does caching improve performance?","Caching improves performance by reducing the time needed to access frequently used data, thereby speeding up data retrieval."
"What is paging in operating systems?","Paging is a memory management scheme that eliminates the need for contiguous allocation of physical memory by dividing memory into fixed-size pages."
"How does virtual memory work?","Virtual memory allows the execution of processes that may not be completely in the main physical memory, by temporarily transferring data from RAM to disk storage."
"What are the benefits of virtual memory?","Virtual memory allows for larger programs to run on a system and provides isolation between different processes."
"What is an interrupt in computing?","An interrupt is a signal to the processor emitted by hardware or software indicating an event that needs immediate attention."
"What is the role of the operating system in managing hardware resources?","The operating system manages hardware resources by allocating CPU time, memory space, and I/O resources to various applications and processes."
"How does the CPU scheduler work?","The CPU scheduler determines which process runs at a given time by selecting from among the processes in memory that are ready to execute."
"What is the difference between preemptive and non-preemptive scheduling?","Preemptive scheduling allows a process to be interrupted in the middle of execution and moved to the ready queue, while non-preemptive scheduling runs a process to completion."
"What is a semaphore in operating systems?","A semaphore is a synchronization primitive used to control access to a common resource in concurrent system programming."
"What is the function of a memory manager?","The memory manager handles the allocation and deallocation of memory spaces as needed by programs during execution."
"How does process synchronization work?","Process synchronization ensures that multiple processes can operate safely and without interference when accessing shared resources."
"What is a thread pool?","A thread pool is a collection of pre-initialized threads that can be used to execute tasks, improving performance by reusing threads instead of creating them from scratch."
"How does CPU affinity affect performance?","CPU affinity improves performance by binding processes to specific CPU cores, reducing cache misses and improving data locality."
"What is the purpose of the page table?","The page table stores the mapping between virtual addresses and physical addresses in memory."
"What is a context switch overhead?","Context switch overhead refers to the time and resources required to switch the CPU from one process or thread to another."
"What is a race condition?","A race condition occurs when the behavior of software depends on the relative timing of events such as thread execution sequences."
"How can race conditions be avoided?","Race conditions can be avoided by using synchronization mechanisms like locks, semaphores, and monitors to control access to shared resources."
"What is a critical section in concurrent programming?","A critical section is a part of a program that accesses a shared resource that must not be concurrently accessed by more than one thread or process."
"How does the operating system manage deadlocks?","The operating system can manage deadlocks by using methods like deadlock prevention, deadlock avoidance, and deadlock detection and recovery."
"What is a heap in memory management?","The heap is an area of memory used for dynamic memory allocation where blocks of memory are allocated and freed in an arbitrary order."
"How does garbage collection help manage memory?","Garbage collection automatically frees memory that is no longer in use by identifying and reclaiming memory occupied by unreachable objects."
"What is a stack in memory management?","The stack is a region of memory that stores temporary variables created by each function, including function parameters, return addresses, and local variables."
"What is the difference between stack and heap memory?","Stack memory is used for static memory allocation, while heap memory is used for dynamic memory allocation."
"What is a segmentation fault?","A segmentation fault occurs when a program attempts to access a memory location that it is not allowed to access."
"How does virtual memory increase system stability?","Virtual memory increases system stability by isolating processes and providing a buffer against memory overflows and corruption."
"What is the role of the kernel in an operating system?","The kernel is the core component of an operating system, responsible for managing system resources, including memory, processes, and hardware devices."
"How do system calls work in operating systems?","System calls provide the interface between a running program and the operating system, allowing user-level processes to request services from the OS."
"What is memory fragmentation?","Memory fragmentation occurs when free memory is divided into small, non-contiguous blocks, making it difficult to allocate large contiguous blocks."
"How can memory fragmentation be reduced?","Memory fragmentation can be reduced by using memory allocation algorithms like best fit, worst fit, and buddy system, as well as through compaction techniques."
"What is a page fault?","A page fault occurs when a program tries to access a page that is not currently mapped to the physical memory, requiring the operating system to fetch the page from disk."
"How is a page fault handled?","A page fault is handled by the operating system, which pauses the process, loads the required page from disk into memory, updates the page table, and then resumes the process."
"What is thrashing in virtual memory systems?","Thrashing occurs when a system spends more time swapping pages in and out of memory than executing processes, severely degrading performance."
"How can thrashing be prevented?","Thrashing can be prevented by using appropriate page replacement algorithms, adjusting the degree of multiprogramming, and ensuring sufficient physical memory."
"What is the role of the memory management unit (MMU)?","The MMU is responsible for handling virtual memory operations, translating virtual addresses to physical addresses, and managing memory protection."
"What is demand paging?","Demand paging is a memory management technique where pages are loaded into memory only when they are needed, rather than preloading all pages of a program."
"How does a process differ from a program?","A process is an instance of a program in execution, including its code, data, and state, while a program is a static set of instructions."
"What is the difference between multitasking and multiprocessing?","Multitasking allows multiple tasks to run concurrently on a single CPU, while multiprocessing uses multiple CPUs to execute multiple tasks simultaneously."
"What is a time slice in CPU scheduling?","A time slice is a fixed amount of CPU time allocated to a process before the scheduler preempts it to give other processes a chance to run."
"How does the first-come, first-served (FCFS) scheduling algorithm work?","FCFS scheduling allocates CPU time to processes in the order they arrive, running each process to completion before moving on to the next."
"What is the round-robin scheduling algorithm?","Round-robin scheduling allocates a fixed time slice to each process in a cyclic order, ensuring that all processes get an equal share of the CPU."
"What is priority scheduling?","Priority scheduling allocates CPU time based on the priority of processes, with higher-priority processes getting preference over lower-priority ones."
"What is the difference between internal and external fragmentation?","Internal fragmentation occurs when allocated memory contains unused space, while external fragmentation occurs when free memory is scattered in small blocks."
"What is a memory pool?","A memory pool is a preallocated block of memory that can be used to satisfy memory allocation requests, reducing the overhead of dynamic memory allocation."
"What is a page replacement algorithm?","A page replacement algorithm determines which memory pages to swap out when new pages are needed, with common algorithms including LRU, FIFO, and LFU."
"How does the least recently used (LRU) page replacement algorithm work?","The LRU algorithm replaces the page that has not been used for the longest period of time, assuming that pages used recently will likely be used again soon."
"What is the FIFO page replacement algorithm?","The FIFO algorithm replaces the oldest page in memory, based on the assumption that the oldest pages are the least likely to be used again."
"What is the LFU page replacement algorithm?","The LFU algorithm replaces the page with the fewest accesses, based on the assumption that pages with fewer accesses are less likely to be used again."
"What is a memory barrier?","A memory barrier is a type of synchronization mechanism that ensures memory operations are completed in a specific order, preventing certain types of memory access issues."
"What is a page directory?","A page directory is a data structure used in virtual memory systems to store references to page tables, facilitating the translation of virtual addresses to physical addresses."
"What is an access violation?","An access violation occurs when a program attempts to read or write to a memory location that it does not have permission to access."
"What is the purpose of the swap space?","Swap space is used to extend the amount of physical memory available by swapping out inactive pages from RAM to disk, allowing more processes to run concurrently."
"What is a non-maskable interrupt (NMI)?","An NMI is a hardware interrupt that cannot be ignored by the processor, typically used for high-priority or emergency tasks."
"How does direct memory access (DMA) improve performance?","DMA improves performance by allowing devices to transfer data directly to and from memory without involving the CPU, freeing the CPU to perform other tasks."
"What is the purpose of a memory map?","A memory map defines the layout of a program's memory, including the allocation of code, data, stack, and heap segments."
"What is the difference between physical and logical addresses?","A physical address refers to a location in the physical memory, while a logical address is used by a program and must be translated to a physical address by the MMU."
"What is a bootloader?","A bootloader is a small program that initializes the system hardware and loads the operating system kernel into memory during the boot process."
"What is a firmware?","Firmware is a type of software embedded in hardware devices, providing low-level control and functionality for the hardware."
"How does a hypervisor work?","A hypervisor, or virtual machine monitor, allows multiple operating systems to run concurrently on a single physical machine by managing the hardware resources and isolating each OS."
"What is a microkernel?","A microkernel is a minimalistic kernel design that performs only the essential functions of an operating system, delegating other services to user-space programs."
"What is the role of a device driver?","A device driver is a specialized program that allows the operating system to communicate with and control hardware devices."
"What is a file system?","A file system is a method for storing and organizing files and directories on a storage device, providing a way for the operating system to manage data."
"What is the difference between a monolithic kernel and a microkernel?","A monolithic kernel includes all operating system services in a single large kernel, while a microkernel provides minimal core services, with other services running in user space."
"What is a system call interface?","The system call interface is the programming interface through which user programs request services from the operating system kernel."
"What is the role of the scheduler in an operating system?","The scheduler manages the execution of processes by determining which process runs at a given time and for how long, ensuring efficient use of CPU resources."
"What is a shell in computing?","A shell is a user interface that provides access to the operating system's services, typically through a command-line interface or graphical user interface."
"What is a daemon in operating systems?","A daemon is a background process that runs continuously, providing various services such as web server, printing, and email."
"What is a thread context?","A thread context includes all the information needed to manage a thread, such as its register state, stack, and scheduling information."
"What is a process table?","A process table is a data structure maintained by the operating system to keep track of all active processes, including their state, memory allocation, and other attributes."
"What is the difference between a hard real-time system and a soft real-time system?","A hard real-time system requires tasks to be completed within strict deadlines, while a soft real-time system allows some flexibility in meeting deadlines."
"What is the purpose of a watchdog timer?","A watchdog timer is a hardware timer that triggers a system reset or other corrective action if the system fails to respond within a specified time, helping to recover from software or hardware faults."
"What is a system call?","A system call is a programmed request to the operating system to perform a specific task, such as file operations, process management, or communication."
"What is an interrupt service routine (ISR)?","An ISR is a special function that handles interrupts, performing the necessary processing and then returning control to the interrupted program."
"What is a task scheduler?","A task scheduler is a component of an operating system that manages the execution of tasks, ensuring that each task gets its fair share of CPU time and resources."
"What is the difference between synchronous and asynchronous I/O?","Synchronous I/O operations block the requesting process until the operation is complete, while asynchronous I/O operations allow the process to continue executing while the I/O operation is performed in the background."
"What is the role of the file allocation table (FAT)?","The FAT is a data structure used by the FAT file system to keep track of the location of files and directories on a disk, managing the allocation of disk space."
"What is the purpose of a journaling file system?","A journaling file system maintains a journal of changes to the file system, allowing it to recover quickly and reliably from crashes or power failures."
"What is the difference between a partition and a volume?","A partition is a contiguous block of storage space on a physical disk, while a volume is a logical unit of storage that can span multiple partitions or disks."
"What is a network file system (NFS)?","NFS is a protocol that allows files to be accessed and shared over a network, enabling remote file access as if the files were on a local disk."
"What is a disk quota?","A disk quota is a limit set by an administrator on the amount of disk space that a user or group can use, helping to manage and allocate storage resources."
"What is the purpose of a virtual file system (VFS)?","A VFS provides an abstraction layer that allows different file systems to be accessed through a common interface, simplifying file system operations for applications and users."
"What is the difference between symmetric and asymmetric multiprocessing?","Symmetric multiprocessing (SMP) treats all processors as equals, with each processor having access to all memory and I/O, while asymmetric multiprocessing (AMP) assigns specific tasks to specific processors, with only one processor controlling the system."
"What is a thread-safe function?","A thread-safe function is designed to operate correctly and safely when called concurrently by multiple threads, typically by using synchronization mechanisms to manage access to shared resources."
"What is a real-time operating system (RTOS)?","An RTOS is designed to manage hardware resources and execute tasks within strict timing constraints, ensuring that critical tasks are completed on time."
"What is a load balancer?","A load balancer distributes incoming network traffic across multiple servers to ensure efficient use of resources, improve performance, and increase redundancy."
"What is a kernel panic?","A kernel panic is a critical error in the operating system kernel that causes the system to halt, typically requiring a reboot to recover."
"What is a memory mapped file?","A memory mapped file is a file that has been mapped into the address space of a process, allowing the file to be accessed as if it were part of the process's memory."
"What is a softirq?","A softirq is a type of software interrupt that is used to handle time-consuming tasks that cannot be performed within a hardware interrupt handler, allowing the system to defer work to a later time."
"What is the purpose of a boot sector?","The boot sector is a region of a storage device that contains the code necessary to start the boot process and load the operating system."
"What is the difference between a software and a hardware interrupt?","A software interrupt is generated by a software instruction to signal an event, while a hardware interrupt is generated by a hardware device to signal an event that requires immediate attention."
"What is a memory mapped I/O?","Memory mapped I/O is a method of performing input/output operations by mapping hardware device registers into the memory address space, allowing devices to be accessed as if they were memory locations."
"What is a page frame?","A page frame is a fixed-size block of physical memory that corresponds to a page in virtual memory, used in paging systems to manage memory allocation."
"What is the difference between a buffer and a cache?","A buffer is a temporary storage area used to hold data while it is being transferred between two locations, while a cache is a high-speed storage area used to hold frequently accessed data to improve performance."
"What is a memory fence?","A memory fence is a synchronization mechanism that ensures memory operations are completed in a specific order, preventing certain types of memory access issues."
"What is the purpose of a disk buffer?","A disk buffer is a temporary storage area used to hold data being read from or written to a disk, improving the efficiency of disk operations by reducing the number of direct accesses to the disk."
"What is a scheduler queue?","A scheduler queue is a data structure used by the operating system to manage the processes that are waiting to be executed, typically organized by priority or arrival time."
"What is the difference between a soft and hard interrupt?","A soft interrupt, or software interrupt, is generated by software to signal an event, while a hard interrupt, or hardware interrupt, is generated by hardware devices to signal an event that requires immediate attention."
"What is a semaphore used for in operating systems?","A semaphore is used to manage access to shared resources in concurrent programming, preventing race conditions and ensuring synchronization between processes or threads."
"What is the purpose of the inode in a file system?","An inode is a data structure used in many file systems to store information about a file, including its size, permissions, timestamps, and data block locations."
"What is the role of the file descriptor?","A file descriptor is an integer that uniquely identifies an open file in a process, used by the operating system to manage and access files."
"What is a shell script?","A shell script is a text file containing a series of commands for a shell to execute, allowing for the automation of tasks and the execution of complex sequences of operations."
"What is the difference between a relative and absolute path?","A relative path specifies a location relative to the current directory, while an absolute path specifies a location from the root of the file system."
"What is a memory mapped device?","A memory mapped device is a hardware device that is accessed by mapping its registers into the memory address space, allowing it to be controlled using memory read and write operations."
"What is the purpose of a file handle?","A file handle is an abstract representation of an open file, used by the operating system to manage file operations and maintain the state of the file."
"What is the difference between blocking and non-blocking I/O?","Blocking I/O operations wait for the operation to complete before returning control to the program, while non-blocking I/O operations allow the program to continue executing while the operation is performed in the background."
"What is the role of the system clock?","The system clock provides the timing mechanism for the operating system, managing the scheduling of processes, coordinating system events, and maintaining accurate timekeeping."
"What is a system interrupt?","A system interrupt is a signal emitted by hardware or software to the processor, indicating an event that needs immediate attention and temporarily halting the current execution to address the event."
"What is a page directory entry (PDE)?","A PDE is an entry in the page directory used in virtual memory systems to store the address of a page table, facilitating the translation of virtual addresses to physical addresses."
"What is the difference between user space and kernel space?","User space is the memory area where user applications run, while kernel space is the memory area where the operating system kernel and its services run, providing controlled access to hardware and system resources."
"What is the purpose of a device controller?","A device controller is a hardware component that manages the communication between the operating system and a specific hardware device, handling tasks like data transfer, error checking, and device control."
"What is a system bus?","A system bus is a communication pathway used to connect various components of a computer system, including the CPU, memory, and peripheral devices, allowing them to communicate and transfer data."
"What happens when applications use too much memory?","High memory usage can cause applications to slow down, freeze, or terminate unexpectedly."
"How does high memory usage affect programs?","High memory usage can cause applications to slow down, freeze, or terminate unexpectedly."
"What are the impacts of high memory usage on apps?","High memory usage can cause applications to slow down, freeze, or terminate unexpectedly."
"What occurs when memory usage is too high?","High memory usage can cause applications to slow down, freeze, or terminate unexpectedly."
"Explain disk I/O.","Disk I/O refers to the input/output operations on a storage device."
"What does disk I/O mean?","Disk I/O refers to the input/output operations on a storage device."
"What is meant by disk I/O?","Disk I/O refers to the input/output operations on a storage device."
"Describe the concept of disk I/O.","Disk I/O refers to the input/output operations on a storage device."
"What happens with high disk I/O?","High disk I/O can slow down system performance by creating bottlenecks."
"How does high disk I/O affect a system?","High disk I/O can slow down system performance by creating bottlenecks."
"What are the impacts of high disk I/O?","High disk I/O can slow down system performance by creating bottlenecks."
"What issues arise from high disk I/O?","High disk I/O can slow down system performance by creating bottlenecks."
"What is a computing process?","A process is an instance of a program that is being executed."
"Define a process in computing.","A process is an instance of a program that is being executed."
"What does a process refer to in computing?","A process is an instance of a program that is being executed."
"Explain a process in a computer system.","A process is an instance of a program that is being executed."
"What is a computing thread?","A thread is the smallest unit of a process that can be scheduled for execution."
"Define a thread in computing.","A thread is the smallest unit of a process that can be scheduled for execution."
"What does a thread refer to in computing?","A thread is the smallest unit of a process that can be scheduled for execution."
"Explain a thread in a computer system.","A thread is the smallest unit of a process that can be scheduled for execution."
"What distinguishes a process from a thread?","A process is an independent program while a thread is a segment of a process."
"How do processes and threads differ?","A process is an independent program while a thread is a segment of a process."
"What is the difference between threads and processes?","A process is an independent program while a thread is a segment of a process."
"Compare a process to a thread.","A process is an independent program while a thread is a segment of a process."
"What impact does network latency have?","High network latency can cause delays in data transmission and slow down application performance."
"How does network latency affect performance?","High network latency can cause delays in data transmission and slow down application performance."
"What are the effects of high network latency?","High network latency can cause delays in data transmission and slow down application performance."
"What happens with high network latency?","High network latency can cause delays in data transmission and slow down application performance."
"What is virtual memory in computing?","Virtual memory is a memory management technique that provides an application with more memory than physically available."
"Define virtual memory.","Virtual memory is a memory management technique that provides an application with more memory than physically available."
"Explain virtual memory.","Virtual memory is a memory management technique that provides an application with more memory than physically available."
"What does virtual memory mean?","Virtual memory is a memory management technique that provides an application with more memory than physically available."
"Why is cache memory significant?","Cache memory improves performance by storing frequently accessed data for quick retrieval."
"What is the importance of cache memory?","Cache memory improves performance by storing frequently accessed data for quick retrieval."
"What role does cache memory play?","Cache memory improves performance by storing frequently accessed data for quick retrieval."
"Explain the significance of cache memory.","Cache memory improves performance by storing frequently accessed data for quick retrieval."
"What is a context switch in computing?","A context switch is the process of storing and restoring the state of a CPU so that multiple processes can share a single CPU."
"Define context switch.","A context switch is the process of storing and restoring the state of a CPU so that multiple processes can share a single CPU."
"What does context switch mean?","A context switch is the process of storing and restoring the state of a CPU so that multiple processes can share a single CPU."
"Explain the process of a context switch.","A context switch is the process of storing and restoring the state of a CPU so that multiple processes can share a single CPU."
"What is the effect of frequent context switches?","Frequent context switches can degrade performance due to overhead."
"How do context switches impact performance?","Frequent context switches can degrade performance due to overhead."
"What are the impacts of context switches?","Frequent context switches can degrade performance due to overhead."
"What happens with many context switches?","Frequent context switches can degrade performance due to overhead."
"What is a memory leak in software?","A memory leak occurs when a program does not release memory that is no longer needed."
"Define memory leak.","A memory leak occurs when a program does not release memory that is no longer needed."
"What does memory leak mean?","A memory leak occurs when a program does not release memory that is no longer needed."
"Explain a memory leak.","A memory leak occurs when a program does not release memory that is no longer needed."
"How to prevent memory leaks?","Memory leaks can be prevented by properly managing memory allocation and deallocation."
"What methods prevent memory leaks?","Memory leaks can be prevented by properly managing memory allocation and deallocation."
"How can we avoid memory leaks?","Memory leaks can be prevented by properly managing memory allocation and deallocation."
"What are the strategies to prevent memory leaks?","Memory leaks can be prevented by properly managing memory allocation and deallocation."
"What is a CPU core?","A CPU core is a single processing unit within a CPU that can execute instructions independently."
"How does multi-threading improve performance?","Multi-threading improves performance by allowing multiple threads to run concurrently, making better use of CPU resources."
"What is system load?","System load is a measure of the amount of computational work that a computer system is performing."
"Why is RAM important for system performance?","RAM is important because it stores data that is actively being used, allowing for quick access and efficient processing."
"What is a deadlock in computing?","A deadlock is a situation where two or more processes are unable to proceed because each is waiting for the other to release a resource."
"How does a deadlock occur?","A deadlock occurs when two or more processes are unable to proceed because each is waiting for the other to release a resource."
"What is the function of a GPU?","A GPU accelerates rendering of images and video and is essential for tasks such as gaming, video editing, and machine learning."
"How does a hard drive differ from an SSD?","A hard drive uses spinning disks to read/write data, while an SSD uses flash memory, making it faster and more reliable."
"What is the role of an operating system?","An operating system manages hardware and software resources, providing services for computer programs."
"How does a firewall enhance security?","A firewall monitors and controls incoming and outgoing network traffic based on predetermined security rules."
"What is the purpose of a database index?","A database index improves the speed of data retrieval operations on a database table."
"Why is data encryption important?","Data encryption protects sensitive information by converting it into a code, making it unreadable without a decryption key."
"What is a network protocol?","A network protocol is a set of rules that govern data communication between devices on a network."
"How does load balancing improve performance?","Load balancing distributes network or application traffic across multiple servers to ensure no single server becomes overwhelmed."
"What is cloud computing?","Cloud computing delivers computing services over the internet, allowing for on-demand access to resources like storage and processing power."
"How does a VPN work?","A VPN creates a secure, encrypted connection between your device and the internet, protecting your data from interception."
"What is the purpose of a cache?","A cache stores frequently accessed data temporarily, allowing for faster data retrieval."
"How does data compression work?","Data compression reduces the size of files by encoding information more efficiently."
"What is a command-line interface (CLI)?","A CLI allows users to interact with a computer program by typing commands."
"Why is multi-factor authentication important?","Multi-factor authentication enhances security by requiring multiple forms of verification before granting access."
"What is a software patch?","A software patch is an update that fixes bugs, improves performance, or adds new features to a software program."
"How does a compiler work?","A compiler translates source code written in a high-level programming language into machine code that a computer's CPU can execute."
"What is a virtual machine (VM)?","A VM is a software-based emulation of a physical computer that runs an operating system and applications."
"How does blockchain technology work?","Blockchain is a distributed ledger that records transactions in a secure, immutable way, ensuring transparency and integrity."
"What is artificial intelligence (AI)?","AI is the simulation of human intelligence processes by machines, especially computer systems."
"Why is cybersecurity important?","Cybersecurity protects systems, networks, and programs from digital attacks, ensuring data confidentiality, integrity, and availability."
"What is a denial-of-service (DoS) attack?","A DoS attack aims to make a machine or network resource unavailable to its intended users by temporarily disrupting services."
"How does machine learning differ from traditional programming?","Machine learning allows systems to learn from data and improve over time without being explicitly programmed."
"What is the Internet of Things (IoT)?","IoT refers to the network of interconnected devices that communicate and exchange data with each other over the internet."
"How does a router work?","A router forwards data packets between computer networks, directing traffic on the internet."
"What is the role of a server?","A server provides services, resources, and data to other computers over a network."
"How does a database management system (DBMS) work?","A DBMS provides tools to create, manage, and interact with databases, ensuring data integrity and security."
"What is the function of an API?","An API allows different software applications to communicate and interact with each other."
"Why is data backup important?","Data backup ensures that a copy of your data is available in case of hardware failure, data corruption, or other disasters."
"What is a content delivery network (CDN)?","A CDN distributes content to multiple servers worldwide to ensure fast delivery to users based on their geographic location."
"How does data mining work?","Data mining involves analyzing large datasets to discover patterns, trends, and insights."
"What is the function of a web browser?","A web browser allows users to access, retrieve, and view information on the internet."
"How does a kernel work in an operating system?","The kernel manages system resources, communication between hardware and software, and overall system operations."
"What is a hypervisor?","A hypervisor is software that creates and manages virtual machines by allocating resources from a physical host."
"Why is software testing important?","Software testing ensures that applications function correctly, meet requirements, and are free of bugs and vulnerabilities."
"What is a software development lifecycle (SDLC)?","SDLC is a process for planning, creating, testing, and deploying software applications."
"How does a microprocessor work?","A microprocessor executes instructions from a computer program by performing basic arithmetic, logic, control, and input/output operations."
"What is quantum computing?","Quantum computing leverages the principles of quantum mechanics to perform computations that are infeasible for classical computers."
"How does artificial neural networks work?","Artificial neural networks are computing systems inspired by the brain's neural networks, used in machine learning to recognize patterns and make decisions."
"What is edge computing?","Edge computing processes data near the source of data generation, reducing latency and bandwidth usage."
"How does a blockchain consensus algorithm work?","A blockchain consensus algorithm ensures that all nodes in the network agree on the validity of transactions and the state of the blockchain."
"What is the role of a system administrator?","A system administrator manages and maintains computer systems and networks, ensuring their reliability and security."
"What is the function of an IDE?","An IDE (Integrated Development Environment) provides comprehensive facilities to programmers for software development, including a code editor, debugger, and build tools."
"How does a network switch work?","A network switch connects devices within a network and uses packet switching to forward data to its destination."
"What is the purpose of a bootloader?","A bootloader initializes the operating system when a computer is turned on."
"How does public key encryption work?","Public key encryption uses a pair of keys (public and private) to encrypt and decrypt data, ensuring secure communication."
"What is a software license?","A software license is a legal agreement that specifies how a software product can be used and distributed."
"How does a proxy server work?","A proxy server acts as an intermediary between a client and a server, forwarding requests and responses while providing various network services."
"What is containerization in software development?","Containerization involves packaging an application and its dependencies into a container, ensuring consistency across different environments."
"Why is network segmentation important?","Network segmentation divides a network into smaller segments to improve security, performance, and manageability."
"What is the purpose of a domain name system (DNS)?","DNS translates human-readable domain names into IP addresses that computers use to identify each other on the network."
"How does RAID improve storage reliability?","RAID (Redundant Array of Independent Disks) improves storage reliability by distributing data across multiple disks and providing redundancy."
"What is the function of a load balancer?","A load balancer distributes network traffic across multiple servers to ensure reliability and performance."
"How does a hashing algorithm work?","A hashing algorithm converts input data into a fixed-size string of characters, which is typically a hash code."
"What is the role of an IT helpdesk?","An IT helpdesk provides technical support and assistance to users, resolving IT-related issues and ensuring smooth operation."
"Why is software documentation important?","Software documentation provides detailed information on how to use, configure, and maintain software, aiding users and developers."
"What is the function of a DHCP server?","A DHCP server automatically assigns IP addresses and other network configuration parameters to devices on a network."
"How does a wireless access point work?","A wireless access point connects wireless devices to a wired network, providing Wi-Fi connectivity."
"What is the purpose of a session in web development?","A session stores user data between HTTP requests, allowing for persistent user interaction with a web application."
"How does a relational database work?","A relational database stores data in tables with rows and columns, allowing for efficient data retrieval and management using SQL."
"What is the function of a network firewall?","A network firewall monitors and controls incoming and outgoing network traffic based on predetermined security rules."
"How does a machine learning model learn?","A machine learning model learns by analyzing data and identifying patterns, which it uses to make predictions or decisions."
"What is the purpose of a version control system?","A version control system manages changes to source code, allowing multiple developers to collaborate and track revisions."
"How does a web server work?","A web server processes incoming network requests over HTTP and serves web pages to clients."
"What is a cybersecurity threat?","A cybersecurity threat is any potential malicious attack that seeks to access, damage, or disrupt computer systems, networks, or data."
"How does a phishing attack work?","A phishing attack involves tricking individuals into providing sensitive information by pretending to be a trustworthy entity."
"What is a botnet?","A botnet is a network of compromised computers controlled by an attacker to perform coordinated malicious activities."
"How does a password manager enhance security?","A password manager securely stores and manages passwords, generating strong passwords and reducing the risk of password-related breaches."
"What is a distributed denial-of-service (DDoS) attack?","A DDoS attack overwhelms a target system with a flood of internet traffic, causing disruption or unavailability."
"How does encryption protect data?","Encryption converts data into a code to prevent unauthorized access, ensuring data confidentiality and integrity."
"What is the purpose of a security audit?","A security audit assesses the security of an organization's information systems, identifying vulnerabilities and ensuring compliance with security policies."
"How does artificial intelligence impact cybersecurity?","Artificial intelligence enhances cybersecurity by analyzing vast amounts of data to detect and respond to threats in real-time."
"What is the function of a network gateway?","A network gateway connects different networks, enabling communication and data transfer between them."
"How does data loss prevention (DLP) work?","Data loss prevention (DLP) tools monitor, detect, and block the transfer of sensitive data outside an organization's network."
"What is the purpose of a security token?","A security token provides an additional layer of authentication, ensuring that only authorized users can access a system."
"How does intrusion detection system (IDS) work?","An intrusion detection system (IDS) monitors network traffic for suspicious activity and alerts administrators to potential threats."
"What is a sandbox in cybersecurity?","A sandbox isolates and runs untested or untrusted programs in a controlled environment to prevent potential harm to the system."
"How does a virtual private network (VPN) enhance privacy?","A VPN encrypts internet traffic and masks the user's IP address, ensuring privacy and security while browsing the web."
"What is the role of a cybersecurity analyst?","A cybersecurity analyst protects an organization's computer systems and networks by identifying, analyzing, and mitigating security threats."
"How does a security information and event management (SIEM) system work?","A SIEM system collects and analyzes security data from various sources to detect, investigate, and respond to security incidents."
"What is the function of a network switch?","A network switch connects devices within a network and uses packet switching to forward data to its destination."
"How does a packet sniffer work?","A packet sniffer captures and analyzes network traffic, allowing administrators to monitor and troubleshoot network issues."
"What is the purpose of a secure sockets layer (SSL)?","SSL encrypts data transmitted between a web server and a client, ensuring secure communication over the internet."
"How does a firewall enhance security?","A firewall monitors and controls incoming and outgoing network traffic based on predetermined security rules."
"What is the function of an email gateway?","An email gateway filters and scans incoming and outgoing email traffic for spam, viruses, and other malicious content."
"How does two-factor authentication (2FA) work?","Two-factor authentication (2FA) requires users to provide two forms of verification before granting access, enhancing security."
"What is the role of a database administrator (DBA)?","A database administrator (DBA) manages and maintains databases, ensuring data integrity, security, and performance."
"How does an intrusion prevention system (IPS) work?","An intrusion prevention system (IPS) detects and prevents malicious activities by analyzing network traffic and blocking threats."
"What is the purpose of a security policy?","A security policy defines the rules and procedures for protecting an organization's information assets and ensuring data security."
"How does a content management system (CMS) work?","A content management system (CMS) allows users to create, edit, and manage digital content without requiring technical expertise."
"What is the function of a digital certificate?","A digital certificate verifies the identity of a user or device, ensuring secure communication and data exchange."
"How does a security incident response team (SIRT) work?","A security incident response team (SIRT) investigates and responds to security incidents, mitigating potential damage and restoring normal operations."
"What is the purpose of a network time protocol (NTP)?","Network time protocol (NTP) synchronizes the clocks of computers over a network to ensure accurate timekeeping."
"How does a secure file transfer protocol (SFTP) work?","Secure file transfer protocol (SFTP) encrypts data during transfer, ensuring secure file exchange between remote systems."
"What is the function of a patch management system?","A patch management system automates the process of updating software with patches to fix vulnerabilities and improve performance."
"How does a virtual private cloud (VPC) work?","A virtual private cloud (VPC) provides a secure, isolated environment within a public cloud for running applications and storing data."
"What is the role of a security operations center (SOC)?","A security operations center (SOC) monitors and analyzes an organization's security posture, detecting and responding to threats in real-time."
"How does a network intrusion detection system (NIDS) work?","A network intrusion detection system (NIDS) monitors network traffic for suspicious activity, alerting administrators to potential threats."
"What is the purpose of a public key infrastructure (PKI)?","Public key infrastructure (PKI) provides a framework for managing digital certificates and public-key encryption, ensuring secure communication."
"How does a remote access Trojan (RAT) work?","A remote access Trojan (RAT) allows an attacker to gain control of a victim's computer, enabling remote access and surveillance."
"What is the function of a security information and event management (SIEM) system?","A SIEM system collects and analyzes security data from various sources to detect, investigate, and respond to security incidents."
"How does a network access control (NAC) system work?","A network access control (NAC) system enforces security policies by controlling access to network resources based on the identity and security posture of devices."
"What is the purpose of a security operations center (SOC)?","A security operations center (SOC) monitors and analyzes an organization's security posture, detecting and responding to threats in real-time."
"How does a security incident response plan work?","A security incident response plan outlines the procedures for identifying, responding to, and recovering from security incidents."
"What is the function of a security information and event management (SIEM) system?","A SIEM system collects and analyzes security data from various sources to detect, investigate, and respond to security incidents."
"How does a network intrusion detection system (NIDS) work?","A network intrusion detection system (NIDS) monitors network traffic for suspicious activity, alerting administrators to potential threats."
"What is the purpose of a public key infrastructure (PKI)?","Public key infrastructure (PKI) provides a framework for managing digital certificates and public-key encryption, ensuring secure communication."
"How does a remote access Trojan (RAT) work?","A remote access Trojan (RAT) allows an attacker to gain control of a victim's computer, enabling remote access and surveillance."